"","tuning","df"
"1",1.51879744067459,1.69771151204763
"2",3.52165747582483,10.8382391078047
"3",3.53125953078417,12.143160415609
"4",1.32964962251825,1.41974441264228
