"","tuning","df"
"1",2.14513918060822,2.10878873587871
"2",3.4824486375362,11.8862914489011
"3",3.4824486375362,11.8862914489011
"4",1.94470562687344,1.85219559585583
