"","tuning","df"
"1",1.90759866900918,2.72393924360358
"2",3.6760816801737,11.169185891065
"3",3.6760816801737,11.169185891065
"4",1.54365527808528,2.12667603036324
