"","Cp","AICc","GCV","BIC"
"1",0.030446428367386,0.0375086810664194,0.0375086810664194,-0.0114037223141379
"2",-0.488620135434178,-0.829777797512503,-0.829777797512503,-0.45165393868776
