"","tuning","df"
"1",1.6954684612833,2.20217899103685
"2",3.70522216819387,14.7243188776461
"3",3.70522216819387,14.7243188776461
"4",1.40049936360727,1.6494667620173
