"","Cp","AICc","GCV","BIC"
"1",-0.0134371981098245,0.325058407051548,0.325058407051548,-0.00368769397717428
