"","tuning","df"
"1",2.20147825288143,1.90464205002065
"2",4.00755140940021,13.4740043704371
"3",4.00755140940021,13.4740043704371
"4",1.9166566486289,1.58279663907416
