"","Cp","AICc","GCV","BIC"
"1",-0.454631481387385,-0.770519260830163,-0.770519260830163,-0.432021323533658
"2",-0.506178449398689,-0.614881499039358,-0.614881499039358,-0.481908308084192
