"","tuning","df"
"1",1.58481705153592,1.84784509971591
"2",3.12546227515199,12.584476591839
"3",3.12546227515199,12.584476591839
"4",1.46881224719604,1.65729993366618
