"","Cp","AICc","GCV","BIC"
"1",-0.367382083527166,-0.204089092635469,-0.203238689311857,-0.349788592247807
