"","tuning","df"
"1",1.76250839785374,2.14576550909036
"2",4.10494365093071,14.7481990548715
"3",4.10624827178837,15.1269364893185
"4",1.50063516188425,1.70925300747757
