"","Cp","AICc","GCV","BIC"
"1",-0.135613751725373,-0.0902056256213001,-0.0902056256213001,-0.153673314177847
