"","tuning","df"
"1",1.70379560138933,2.18180047092967
"2",3.98308941839403,15.0651456741064
"3",3.98308941839403,15.0651456741064
"4",1.40493208614877,1.64445164242914
