"","Cp","AICc","GCV","BIC"
"1",-0.56271736378525,-0.540610045655516,-0.540610045655516,-0.517133641390787
