"","tuning","df"
"1",1.77682769498216,2.09311784936705
"2",4.01335423594515,14.13356621774
"3",4.01335423594515,14.13356621774
"4",1.55720285375562,1.76604813716242
