"","tuning","df"
"1",1.80641683885508,2.26546449362757
"2",4.15700276435687,15.6597382938723
"3",4.15700276435687,15.6597382938723
"4",1.47891171615945,1.68330174786256
