"","tuning","df"
"1",1.28102315910076,1.32143598533406
"2",1.54228991659059,1.7847579864602
"3",1.58636931657684,1.88213741570851
"4",1.12240542387443,1.07923999465005
