"","tuning","df"
"1",1.44460030101932,1.46152830717003
"2",1.73103882682508,2.07642361255501
"3",1.77885236291498,2.20228488208835
"4",1.3212971015749,1.25901978355173
