"","tuning","df"
"1",1.06302891056411,1.39413611650703
"2",1.23561741920323,1.74231394935926
"3",1.25962232546621,1.80084273173027
"4",0.932029228601745,1.17428960719518
