"","Cp","AICc","GCV","BIC"
"1",-0.347669447810216,-0.403880921612173,-0.412110972769628,-0.308454819856737
"2",-0.140384050390957,-0.121637149636003,-0.118873667541751,-0.15115533488692
