"","tuning","df"
"1",1.51959231415189,1.86519238746788
"2",1.95658823921954,2.7083569951365
"3",2.0157881376822,2.85558842634878
"4",1.25586396021975,1.43678016682903
