"","Cp","AICc","GCV","BIC"
"1",-0.446719157099351,-0.437103009055674,-0.436690546986369,-0.44768938689354
