"","tuning","df"
"1",1.68661416501699,1.88467160501958
"2",2.29031420079812,3.42060255250306
"3",2.30581865948076,3.48229333430016
"4",1.47279299071962,1.54460396393846
