"","Cp","AICc","GCV","BIC"
"1",-0.185203840067301,-0.135845468392367,-0.126167570085976,-0.20176411833814
"2",0.338510656544018,0.448432515529007,0.463924486810643,0.260027500643203
