"","tuning","df"
"1",1.52495079355101,1.5103999272369
"2",2.01307834789248,2.49390812468146
"3",2.09699437802861,2.70846640908906
"4",1.28481711527314,1.13155745850894
