"","Cp","AICc","GCV","BIC"
"1",-0.483847053694867,-0.567168993149448,-0.58928154627603,-0.43378866069886
