"","tuning","df"
"1",1.51435365737544,1.84687964128084
"2",1.91618672473426,2.64473902334329
"3",1.99060246747593,2.84220606267226
"4",1.26658363748966,1.43646492364714
