"","Cp","AICc","GCV","BIC"
"1",-0.187508699456132,-0.164360211122513,-0.159603352486923,-0.202114286926983
