"","tuning","df"
"1",1.53511836904149,1.89760726063741
"2",1.94137418391271,2.70075742978488
"3",2.02114854449482,2.91148049957795
"4",1.26561637382191,1.45130863963978
