"","Cp","AICc","GCV","BIC"
"1",-0.266984590650514,-0.247754910626115,-0.246135013132585,-0.278183049285936
