"","tuning","df"
"1",1.49549983504941,1.80441448109443
"2",1.94410453838513,2.72460772384188
"3",1.98575419084579,2.82778582195004
"4",1.22555239663854,1.34495132782896
