"","tuning","df"
"1",1.53784421567913,1.89953256227825
"2",1.93974069224933,2.71203057738018
"3",2.02503303447762,2.94001560401835
"4",1.27116334365981,1.4452640757757
