"","tuning","df"
"1",178.134921431396,34.8411091698999
"2",182.953260666838,35.660878648483
"3",182.953260666838,35.660878648483
"4",35.9247852572252,9.50126829949062
