"","tuning","df"
"1",186.18985186119,35.3535111003434
"2",186.297628386158,35.3730955348867
"3",186.297628386158,35.3730955348867
"4",34.9810668827143,9.03088181189376
