"","tuning","df"
"1",200.121965466244,37.1187559243331
"2",200.300771260755,37.1434290776373
"3",200.300771260755,37.1434290776373
"4",37.080763511439,9.44463448837686
