"","tuning","df"
"1",170.542363923398,33.7313529509872
"2",178.398492120443,35.1594192734853
"3",178.398492120443,35.1594192734853
"4",37.8359365370078,9.51878234407522
