"","tuning","df"
"1",197.060382824679,36.9122125580087
"2",197.060382824679,36.9122125580087
"3",197.060382824679,36.9122125580087
"4",37.0511711659165,9.21206923712593
