"","tuning","df"
"1",189.118175591135,35.5109527679233
"2",189.377777911617,35.5591105524357
"3",189.377777911617,35.5591105524357
"4",39.9833126643747,9.90539429628772
