"","tuning","df"
"1",188.913214309252,35.5642040113555
"2",191.449225200353,36.0422671282136
"3",191.449225200353,36.0422671282136
"4",33.041416074895,8.69996495793183
