"","tuning","df"
"1",193.292384085688,36.0747502208168
"2",193.292384085688,36.0747502208168
"3",193.292384085688,36.0747502208168
"4",34.8719487984585,8.60458917946124
