"","tuning","df"
"1",186.734588487897,35.7685198191117
"2",186.734588487897,35.7685198191117
"3",186.734588487897,35.7685198191117
"4",34.1328136040262,8.91432880301974
