"","tuning","df"
"1",188.144337188894,36.9374319216371
"2",188.828028904089,37.0359844383026
"3",188.828028904089,37.0359844383026
"4",34.8513598892675,9.05637129502489
