"","tuning","df"
"1",79.9439365682228,27.265127976952
"2",546.810787788662,89.3176474991009
"3",546.810787788662,89.3176474991009
"4",15.1199440037032,6.70518665940038
