"","tuning","df"
"1",69.2856059939803,25.3882957894335
"2",545.866964972646,90.7383955696011
"3",545.866964972646,90.7383955696011
"4",15.5328194469718,7.43897766089413
