"","tuning","df"
"1",75.5331837148175,26.521982502988
"2",474.588538508883,88.322287571428
"3",474.588538508883,88.322287571428
"4",20.6839210867925,8.79196042415639
