"","tuning","df"
"1",69.4823090558978,25.6082275385524
"2",537.613762445119,90.5246590110749
"3",537.613762445119,90.5246590110749
"4",14.7629297392237,6.97469854835187
