"","tuning","df"
"1",72.3603659262937,24.7656479468958
"2",445.330357283102,83.1981388939213
"3",446.157421099675,83.2867942578472
"4",21.7560971997784,9.04721922092249
