"","tuning","df"
"1",75.0921496549438,25.9831967067319
"2",484.210049368097,87.6104480232325
"3",484.406964887448,87.641387739354
"4",18.059214836924,8.09275026211365
