"","tuning","df"
"1",65.5888594062686,25.37815638975
"2",545.016003336384,91.427078013594
"3",545.016003336384,91.427078013594
"4",15.2264724114904,7.05716878125838
