"","tuning","df"
"1",67.675897322259,24.4412184548087
"2",503.740893296291,89.2869048614307
"3",503.740893296291,89.2869048614307
"4",23.0059288417174,9.64410949896956
