"","tuning","df"
"1",71.1024218600998,26.3813703839086
"2",485.796746409241,88.5339638875662
"3",485.796746409241,88.5339638875662
"4",19.5287026153555,9.0253327638935
