"","tuning","df"
"1",72.9942084141974,25.6829768475909
"2",578.717236260818,90.7468753411186
"3",578.717236260818,90.7468753411186
"4",16.2812739022511,7.43685435597698
