"","tuning","df"
"1",1.95630354666524,1.323509613617
"2",2.46139626955267,1.8960669315661
"3",2.55929772326198,2.03642931464494
"4",1.75332552863228,1.13549618589094
