"","tuning","df"
"1",1.7718854979753,1.52985547102018
"2",2.50513918270903,2.67695650597355
"3",2.72597614174063,3.06118753815606
"4",1.36997342894259,1.05039572973439
