"","tuning","df"
"1",1.64324019947833,1.45356074885567
"2",1.9387262772044,1.88175785319512
"3",2.03196395425284,2.04308415255008
"4",1.44765723667299,1.20973278293011
