"","tuning","df"
"1",2.00960977678557,1.97983964588837
"2",2.70223074552217,3.01180414819653
"3",2.74853951125343,3.10503767169067
"4",1.76216887576629,1.66434229292064
