"","Cp","AICc","GCV","BIC"
"1",-0.383478915581094,-0.416059148570563,-0.41913710157312,-0.364646226737775
