"","tuning","df"
"1",2.15390406372741,2.35734178573777
"2",3.28014582830119,4.6406229730503
"3",3.42511870738685,5.06886730713735
"4",1.73141516434638,1.75749695437563
