"","Cp","AICc","GCV","BIC"
"1",-0.0963842750750205,-0.0809765909810349,-0.076601044653179,-0.115481276290833
"2",0.786297903350874,0.898990529521095,0.945023974724504,0.646620630410844
