"","tuning","df"
"1",2.22492915991432,2.01290721442901
"2",2.6875069417954,2.72005385016812
"3",2.88275497196389,3.08628056104083
"4",1.80366568030654,1.57387925052916
