"","Cp","AICc","GCV","BIC"
"1",-0.484040017926959,-0.567576715887093,-0.591364266938539,-0.448692602419749
