"","tuning","df"
"1",2.04666954786962,1.96118808259455
"2",2.71924966664734,2.96467344292095
"3",2.86841148322283,3.25341692931954
"4",1.66274837353453,1.46135117767295
