"","Cp","AICc","GCV","BIC"
"1",-0.107293030122409,-0.11089585024493,-0.111714056952763,-0.107838808382798
