"","tuning","df"
"1",1.97274232497571,2.01788455013889
"2",2.57460413268228,3.0241936393252
"3",2.79507203334839,3.47927996329855
"4",1.62326532007761,1.54508448756453
