"","Cp","AICc","GCV","BIC"
"1",-0.187184456164472,-0.195605781317431,-0.197926940198326,-0.17889037360255
