"","tuning","df"
"1",2.01775509298819,2.12385065318698
"2",2.56937622110599,3.02019805729554
"3",2.7869211633416,3.47544254579911
"4",1.53723888599157,1.45471836484597
