"","tuning","df"
"1",2.03930245010691,2.13181441725994
"2",2.62656168945942,3.12309402952113
"3",2.82356574558389,3.52993832008703
"4",1.61301726801581,1.54261939988161
